{"cameraMode":{"drawMode":0,"name":"Shaded","section":"Shading Mode"},"sceneLighting":true,"audioPlay":false,"sceneViewState":{"showFog":true,"showMaterialUpdate":false,"showSkybox":true,"showFlares":true,"showImageEffects":true,"showParticleSystems":true},"in2DMode":false,"pivot":{"x":-24.186874389648439,"y":-6.23105525970459,"z":78.35958862304688},"rotation":{"x":0.06721112877130509,"y":-0.08371146023273468,"z":0.005659233313053846,"w":0.9942061305046082},"size":47.303306579589847,"orthographic":false}