{"cameraMode":{"drawMode":0,"name":"Shaded","section":"Shading Mode"},"sceneLighting":false,"audioPlay":false,"sceneViewState":{"m_AlwaysRefresh":false,"showFog":true,"showSkybox":false,"showFlares":true,"showImageEffects":true,"showParticleSystems":true,"showVisualEffectGraphs":true,"m_FxEnabled":true},"in2DMode":false,"pivot":{"x":-1.7021340131759644,"y":-0.8085586428642273,"z":0.0856361836194992},"rotation":{"x":-0.01709888130426407,"y":-0.2078765332698822,"z":-0.0015616448363289238,"w":0.9780043363571167},"size":0.8511106371879578,"orthographic":false}