{"cameraMode":{"drawMode":0,"name":"Shaded","section":"Shading Mode"},"sceneLighting":false,"audioPlay":false,"sceneViewState":{"m_AlwaysRefresh":false,"showFog":true,"showSkybox":false,"showFlares":true,"showImageEffects":true,"showParticleSystems":true,"showVisualEffectGraphs":true,"m_FxEnabled":true},"in2DMode":false,"pivot":{"x":-16.765789031982423,"y":0.4531456530094147,"z":-0.09792006015777588},"rotation":{"x":-0.0931285098195076,"y":-0.16027332842350007,"z":0.01518755592405796,"w":-0.9825558662414551},"size":2.3674538135528566,"orthographic":false}